filename,category,expected_decision
correct_000.jpg,correct,pass
correct_001.jpg,correct,pass
correct_002.jpg,correct,pass
correct_003.jpg,correct,pass
correct_004.jpg,correct,pass
correct_005.jpg,correct,pass
correct_006.jpg,correct,pass
correct_007.jpg,correct,pass
correct_008.jpg,correct,pass
correct_009.jpg,correct,pass
correct_010.jpg,correct,pass
correct_011.jpg,correct,pass
correct_012.jpg,correct,pass
correct_013.jpg,correct,pass
correct_014.jpg,correct,pass
correct_015.jpg,correct,pass
correct_016.jpg,correct,pass
correct_017.jpg,correct,pass
correct_018.jpg,correct,pass
correct_019.jpg,correct,pass
missing_padding_020.jpg,missing_padding,fail
missing_padding_021.jpg,missing_padding,fail
missing_padding_022.jpg,missing_padding,fail
missing_padding_023.jpg,missing_padding,fail
missing_padding_024.jpg,missing_padding,fail
missing_padding_025.jpg,missing_padding,fail
missing_padding_026.jpg,missing_padding,fail
missing_padding_027.jpg,missing_padding,fail
missing_padding_028.jpg,missing_padding,fail
missing_padding_029.jpg,missing_padding,fail
missing_padding_030.jpg,missing_padding,fail
missing_padding_031.jpg,missing_padding,fail
missing_padding_032.jpg,missing_padding,fail
missing_padding_033.jpg,missing_padding,fail
missing_padding_034.jpg,missing_padding,fail
wrong_orientation_035.jpg,wrong_orientation,fail
wrong_orientation_036.jpg,wrong_orientation,fail
wrong_orientation_037.jpg,wrong_orientation,fail
wrong_orientation_038.jpg,wrong_orientation,fail
wrong_orientation_039.jpg,wrong_orientation,fail
wrong_orientation_040.jpg,wrong_orientation,fail
wrong_orientation_041.jpg,wrong_orientation,fail
wrong_orientation_042.jpg,wrong_orientation,fail
wrong_orientation_043.jpg,wrong_orientation,fail
wrong_orientation_044.jpg,wrong_orientation,fail
wrong_orientation_045.jpg,wrong_orientation,fail
wrong_orientation_046.jpg,wrong_orientation,fail
wrong_orientation_047.jpg,wrong_orientation,fail
wrong_orientation_048.jpg,wrong_orientation,fail
wrong_orientation_049.jpg,wrong_orientation,fail
wrong_box_050.jpg,wrong_box,fail
wrong_box_051.jpg,wrong_box,fail
wrong_box_052.jpg,wrong_box,fail
wrong_box_053.jpg,wrong_box,fail
wrong_box_054.jpg,wrong_box,fail
wrong_box_055.jpg,wrong_box,fail
wrong_box_056.jpg,wrong_box,fail
wrong_box_057.jpg,wrong_box,fail
wrong_box_058.jpg,wrong_box,fail
wrong_box_059.jpg,wrong_box,fail
wrong_box_060.jpg,wrong_box,fail
wrong_box_061.jpg,wrong_box,fail
wrong_box_062.jpg,wrong_box,fail
wrong_box_063.jpg,wrong_box,fail
wrong_box_064.jpg,wrong_box,fail
missing_cover_065.jpg,missing_cover,fail
missing_cover_066.jpg,missing_cover,fail
missing_cover_067.jpg,missing_cover,fail
missing_cover_068.jpg,missing_cover,fail
missing_cover_069.jpg,missing_cover,fail
missing_cover_070.jpg,missing_cover,fail
missing_cover_071.jpg,missing_cover,fail
missing_cover_072.jpg,missing_cover,fail
missing_cover_073.jpg,missing_cover,fail
missing_cover_074.jpg,missing_cover,fail
missing_cover_075.jpg,missing_cover,fail
missing_cover_076.jpg,missing_cover,fail
missing_cover_077.jpg,missing_cover,fail
missing_cover_078.jpg,missing_cover,fail
missing_cover_079.jpg,missing_cover,fail
visible_damage_080.jpg,visible_damage,fail
visible_damage_081.jpg,visible_damage,fail
visible_damage_082.jpg,visible_damage,fail
visible_damage_083.jpg,visible_damage,fail
visible_damage_084.jpg,visible_damage,fail
visible_damage_085.jpg,visible_damage,fail
visible_damage_086.jpg,visible_damage,fail
visible_damage_087.jpg,visible_damage,fail
visible_damage_088.jpg,visible_damage,fail
visible_damage_089.jpg,visible_damage,fail
visible_damage_090.jpg,visible_damage,fail
visible_damage_091.jpg,visible_damage,fail
visible_damage_092.jpg,visible_damage,fail
visible_damage_093.jpg,visible_damage,fail
visible_damage_094.jpg,visible_damage,fail
blurry_095.jpg,blurry,fail
blurry_096.jpg,blurry,fail
blurry_097.jpg,blurry,fail
blurry_098.jpg,blurry,fail
blurry_099.jpg,blurry,fail
blurry_100.jpg,blurry,fail
blurry_101.jpg,blurry,fail
blurry_102.jpg,blurry,fail
blurry_103.jpg,blurry,fail
blurry_104.jpg,blurry,fail
blurry_105.jpg,blurry,fail
blurry_106.jpg,blurry,fail
blurry_107.jpg,blurry,fail
blurry_108.jpg,blurry,fail
blurry_109.jpg,blurry,fail
occluded_110.jpg,occluded,fail
occluded_111.jpg,occluded,fail
occluded_112.jpg,occluded,fail
occluded_113.jpg,occluded,fail
occluded_114.jpg,occluded,fail
occluded_115.jpg,occluded,fail
occluded_116.jpg,occluded,fail
occluded_117.jpg,occluded,fail
occluded_118.jpg,occluded,fail
occluded_119.jpg,occluded,fail
occluded_120.jpg,occluded,fail
occluded_121.jpg,occluded,fail
occluded_122.jpg,occluded,fail
occluded_123.jpg,occluded,fail
occluded_124.jpg,occluded,fail
